condition	treatment	dose_uM	n_wells	map_median	mean_mean	mean_se	lower_median	upper_median	contrast_mean	frac_at_lower	frac_at_upper	boundary_flag
treatment	Esomeprazole	4e-4	3	35.1	36.20109043053141	0.05291166096729976	29.3	38.1	0.16787130011975224	0	0	NA
treatment	Esomeprazole	0.0012	3	35.1	35.92877718068555	0.1023950716607768	29	38.1	0.16639199211039984	0	0	NA
treatment	Esomeprazole	0.0037	3	35	35.991096899795096	0.302082093447603	29.5	38	0.16645170457837358	0	0	NA
treatment	Esomeprazole	0.011	3	35.2	36.4733079169869	0.14859927751538768	30	38.1	0.16833719814145137	0	0	NA
treatment	Esomeprazole	0.0329	3	35.1	36.1632997470755	0.1918731297115615	29.5	38.1	0.16592951970044512	0	0	NA
treatment	Esomeprazole	0.0988	3	35.2	36.369353605833375	0.09527477604805823	29.5	38.2	0.1676714125642591	0	0	NA
treatment	Esomeprazole	0.2963	3	35.1	36.45927982876286	0.18791167929263597	29.400000000000002	38.1	0.16463539358177107	0	0	NA
treatment	Esomeprazole	0.8889	3	34.9	29.654337806760907	6.303531167174852	27.400000000000002	37.9	0.15683378149106397	0	0	NA
treatment	Esomeprazole	2.6667	3	30.6	29.437790639093162	3.246245261641562	14.700000000000001	33.9	0.13832528390820667	0	0	NA
treatment	Esomeprazole	8	3	32.300000000000004	29.94641349601179	3.528088709786058	22.3	35.6	0.12923174574038687	0	0	NA
treatment	GW4064	4e-4	3	34.9	36.03244076096301	0.17688205731952453	29.1	37.9	0.16476554370894736	0	0	NA
treatment	GW4064	0.0012	3	34.9	35.951159288446725	0.18697627396774175	29.400000000000002	37.9	0.16298673773912453	0	0	NA
treatment	GW4064	0.0037	3	35.1	36.28670349845475	0.11774943107000362	29	38.1	0.1654538488402431	0	0	NA
treatment	GW4064	0.011	3	34.6	35.908460903978295	0.31582402436672974	28.8	37.7	0.1632968849957069	0	0	NA
treatment	GW4064	0.0329	3	34.6	35.37934295659844	0.40353833207999645	27.900000000000002	37.6	0.15749528734235038	0	0	NA
treatment	GW4064	0.0988	3	34.800000000000004	35.865466737752556	0.12865761263878747	28.700000000000003	37.800000000000004	0.1624563102190459	0	0	NA
treatment	GW4064	0.2963	3	34.1	34.71574177109312	0.1696581575911795	27.1	37.4	0.15081559782355347	0	0	NA
treatment	GW4064	0.8889	3	34.6	34.80877366776126	0.6656726566959155	25.6	37.6	0.15130356820934313	0	0	NA
treatment	GW4064	2.6667	3	33.9	34.075228410554416	0.8697770168816761	25.200000000000003	37.1	0.14875824552934366	0	0	NA
treatment	GW4064	8	3	34.9	35.982424857974834	0.09504452829360603	28.6	37.9	0.16227255531121149	0	0	NA
treatment	GW788388	4e-4	3	35.2	36.17935251959624	0.15535826116236162	29.5	38.1	0.16687645394721937	0	0	NA
treatment	GW788388	0.0012	3	35.1	36.15876435840442	0.16306567577172	28.900000000000002	38.1	0.16731523916459112	0	0	NA
treatment	GW788388	0.0037	3	35.2	36.3390331434574	0.08071901732364442	29.6	38.1	0.16584690004712851	0	0	NA
treatment	GW788388	0.011	3	35	35.86444718030121	0.15154461446284853	29.1	38	0.16576619217837718	0	0	NA
treatment	GW788388	0.0329	3	35	36.143354390974324	0.19008949506996473	29.700000000000003	38	0.16666349201358283	0	0	NA
treatment	GW788388	0.0988	3	35.2	36.05936549296076	0.2622159585671961	29.400000000000002	38.2	0.16570729558584205	0	0	NA
treatment	GW788388	0.2963	3	34.9	35.94577750438655	0.2213182839696632	28.5	37.9	0.1647661789577218	0	0	NA
treatment	GW788388	0.8889	3	35.2	36.15187774210913	0.195872414611265	28.8	38.2	0.1670545691839812	0	0	NA
treatment	GW788388	2.6667	3	35.1	36.149361158855804	0.11184369637560042	29.5	38	0.16658246143665997	0	0	NA
treatment	GW788388	8	3	35.2	36.4415984040038	0.058316745695697454	29.900000000000002	38.1	0.1704790799904746	0	0	NA
treatment	IMD 0354	4e-4	3	34.7	35.293726639330764	0.40323785542157864	26.900000000000002	37.800000000000004	0.1618261886177437	0	0	NA
treatment	IMD 0354	0.0012	3	34.9	35.80663592169603	0.0483484647974322	28.8	37.9	0.16308772103807512	0	0	NA
treatment	IMD 0354	0.0037	3	34.7	35.21698823707297	0.5001600360419631	26.700000000000003	37.800000000000004	0.15819071642504823	0	0	NA
treatment	IMD 0354	0.011	3	34.7	35.648194841939066	0.2317750437534831	28.8	37.7	0.1617865752964265	0	0	NA
treatment	IMD 0354	0.0329	3	34.7	35.54498702432746	0.4704812608272152	27.8	37.7	0.16422270290633179	0	0	NA
treatment	IMD 0354	0.0988	3	34.6	35.27047840322994	0.389674627722504	27.6	37.7	0.1604530588816794	0	0	NA
treatment	IMD 0354	0.2963	3	34.800000000000004	36.26287422852254	0.09296550508431568	28.900000000000002	37.800000000000004	0.1651259785808315	0	0	NA
treatment	IMD 0354	0.8889	3	35.2	36.60242030510013	0.05423978808543521	30.5	38.1	0.16857243566286034	0	0	NA
treatment	IMD 0354	2.6667	3	35	35.93266088546803	0.14303397222441677	28.6	38	0.164462077749921	0	0	NA
treatment	IMD 0354	8	1	30.8	27.015840034177458	NA	13.8	34.5	0.12049781634191287	0	0	NA
treatment	LY411575	4e-4	3	34.800000000000004	35.76819637748017	0.2851570922591907	28.3	37.800000000000004	0.1642818140016425	0	0	NA
treatment	LY411575	0.0012	2	34.5	35.193742959274694	0.3941325104370676	27.700000000000003	37.55	0.1598541073515015	0	0	NA
treatment	LY411575	0.0037	2	34.650000000000006	35.45436884450659	0.07534655104868192	28.3	37.7	0.16104742836765412	0	0	NA
treatment	LY411575	0.011	3	34.6	34.44461526481153	1.1145454193584596	28	37.7	0.1547020421202002	0	0	NA
treatment	LY411575	0.0329	3	34.4	35.0802254744755	0.23681124816160098	27.200000000000003	37.5	0.1562091653158333	0	0	NA
treatment	LY411575	0.0988	3	29.5	26.243517805931987	1.3030777797946589	15	32.6	0.12661013549112704	0	0	NA
treatment	LY411575	0.2963	3	16.400000000000002	16.493867968589907	0.2969030545980228	8.3	21.200000000000003	0.14109084017489962	0	0	NA
treatment	LY411575	0.8889	3	14.9	14.802075973244468	0.5166385601065074	6	18.3	0.15167157694269143	0	0	NA
treatment	LY411575	2.6667	3	15.100000000000001	14.689544943472255	0.5570188942141985	7.6000000000000005	18.400000000000002	0.15420750114100032	0	0	NA
treatment	LY411575	8	2	15.15	13.862441713426723	0.19842789343241216	6.6	18.4	0.1544687966686219	0	0	NA
treatment	Pralatrexate	4e-4	3	35	36.12268752366559	0.21687667841442135	29.400000000000002	38	0.1663047084020478	0	0	NA
treatment	Pralatrexate	0.0012	3	35	36.10467410187313	0.038282944463435914	29.5	38	0.16810979869852777	0	0	NA
treatment	Pralatrexate	0.0037	3	34.6	35.52047073862048	0.13658847150885792	26.5	37.7	0.16050439236864633	0	0	NA
treatment	Pralatrexate	0.011	3	35.2	36.337259102943385	0.1472585289836984	30.1	38.1	0.1673787567204996	0	0	NA
treatment	Pralatrexate	0.0329	2	32.1	31.047078024386593	1.2373339045453093	19.65	35.3	0.15174897323650183	0	0	NA
treatment	Pralatrexate	0.0988	3	31.400000000000002	25.960511736995105	4.3401820491682175	12.200000000000001	34.6	0.14107082269590213	0	0	NA
treatment	Pralatrexate	0.2963	3	18.400000000000002	21.447225141805905	3.2009124905536774	7.800000000000001	28.8	0.12460472979158707	0	0	NA
treatment	Pralatrexate	0.8889	3	16.400000000000002	21.460022794116924	5.499496375443721	6.4	21.6	0.14420030739133574	0	0	NA
treatment	Pralatrexate	2.6667	3	30.700000000000003	25.702849678280405	3.2257766444759994	13.8	33.9	0.12538802750423664	0	0	NA
treatment	Pralatrexate	8	3	31.3	26.168280176836124	4.007833624196014	16	34.5	0.13916609280549552	0	0	NA
treatment	SB 271046	4e-4	3	34.9	35.756716502719456	0.12936340233781415	29.1	37.9	0.16580816006305982	0	0	NA
treatment	SB 271046	0.0012	3	35	36.032379834063526	0.19034305410671631	29.6	37.9	0.1663401707706745	0	0	NA
treatment	SB 271046	0.0037	3	34.6	35.33764249765622	0.5563091213145117	27.6	37.7	0.15883385477405756	0	0	NA
treatment	SB 271046	0.011	3	34.6	35.78109512695374	0.3381626423696044	29.400000000000002	37.7	0.1632055022417341	0	0	NA
treatment	SB 271046	0.0329	3	34.9	36.152579012134	0.18285240632151462	29.3	37.9	0.1653645650714628	0	0	NA
treatment	SB 271046	0.0988	3	35	36.529006699495575	0.2324930221028679	30.6	37.9	0.16773301610699734	0	0	NA
treatment	SB 271046	0.2963	3	35.1	36.490832525294685	0.07231452820721604	29.8	38	0.16587221770487198	0	0	NA
treatment	SB 271046	0.8889	3	35.300000000000004	36.49603275131586	0.1799396806855215	30	38.2	0.167288045180795	0	0	NA
treatment	SB 271046	2.6667	3	35	36.465133828405506	0.07575820147336072	29.400000000000002	38	0.16582725093275863	0	0	NA
treatment	SB 271046	8	3	35.1	36.294991363684616	0.15178030868370743	29.6	38.1	0.16609998550479252	0	0	NA
treatment	Z-FA-FMK	4e-4	3	35.2	36.09200941182302	0.17127262708597762	29.400000000000002	38.1	0.1660346251738988	0	0	NA
treatment	Z-FA-FMK	0.0012	3	35.2	36.24184378068594	0.1551313724624071	29.8	38.1	0.16770917994802229	0	0	NA
treatment	Z-FA-FMK	0.0037	3	35	36.22263948348099	0.20032746597674986	29.6	38	0.16721789477378118	0	0	NA
treatment	Z-FA-FMK	0.011	3	35.1	36.15014700582801	0.1746968336666464	29.5	38	0.16690988281916147	0	0	NA
treatment	Z-FA-FMK	0.0329	3	34.9	36.043622453185655	0.07842618469272027	29.3	37.9	0.16570928752491043	0	0	NA
treatment	Z-FA-FMK	0.0988	3	35.1	35.81445044384229	0.4181838836404329	29.400000000000002	38	0.16630015848881083	0	0	NA
treatment	Z-FA-FMK	0.2963	3	34.7	35.62847180873439	0.26951744942717965	28.400000000000002	37.7	0.1626041047450177	0	0	NA
treatment	Z-FA-FMK	0.8889	3	34.9	35.08081340921547	0.8602635502974296	29.3	37.9	0.15886280949672196	0	0	NA
treatment	Z-FA-FMK	2.6667	3	34.5	35.48697696746725	0.04744961618798999	28.5	37.6	0.16192336677511784	0	0	NA
treatment	Z-FA-FMK	8	3	34.9	36.02883581669924	0.209244717431078	29.6	37.9	0.16503954056100612	0	0	NA
treatment	remdesivir	4e-4	3	34.7	35.55314814880137	0.07502909996972473	28.5	37.7	0.16264307236663011	0	0	NA
treatment	remdesivir	0.0012	2	34.75	35.53005001208518	0.23384604685902843	27.700000000000003	37.75	0.16363155241488248	0	0	NA
treatment	remdesivir	0.0037	2	34.8	35.845764696524775	0.1547713203990213	28.4	37.85	0.16303111318865338	0	0	NA
treatment	remdesivir	0.011	3	35.1	36.19023334063834	0.1238125752936362	29.3	38.1	0.16709977257606484	0	0	NA
treatment	remdesivir	0.0329	3	34.7	35.55385796109784	0.348073052696124	28.6	37.7	0.16114966299035455	0	0	NA
treatment	remdesivir	0.0988	1	33.9	34.2625678888595	NA	26.8	37.1	0.1556276102262089	0	0	NA
treatment	remdesivir	0.2963	1	34.9	35.681453380268714	NA	28.8	37.9	0.16510097630994422	0	0	NA
treatment	remdesivir	0.8889	1	34.1	34.71501656124108	NA	28	37.300000000000004	0.1511263720487978	0	0	NA
treatment	remdesivir	2.6667	2	35.1	36.13615228583569	0.05842923647309206	29.550000000000004	38.05	0.1666351162676769	0	0	NA
treatment	remdesivir	8	2	34.900000000000006	35.86049229280599	0.38920429524117134	29.1	37.900000000000006	0.16506474850777617	0	0	NA
